-a,- - -,- - -
a,- - -,- - -
a+,- - -,- - -
à,- - -,- - -
â,- - -,- - -
a-,- - -,- - -
à bas,- - -,- - -
à base de,- - -,- - -
a beau mentir qui vient de loin,- - -,- - -
à bientôt,- - -,- - -
à blanc (page does not exist),- - -,- - -
undefined,- - -,- - -
à bon chat, bon rat,- - -,- - -
à bon entendeur salut,- - -,- - -
à bord,- - -,- - -
à bord de (page does not exist),- - -,- - -
à bouche que veux-tu,- - -,- - -
à bout,- - -,- - -
à bout de forces,- - -,- - -
à bout de souffle (page does not exist),- - -,- - -
à bout portant,- - -,- - -
à bras le corps (page does not exist),- - -,- - -
à bras-le-corps,- - -,- - -
à bras ouverts,- - -,- - -
à brûle-pourpoint,- - -,- - -
à califourchon,- - -,- - -
a cappella,- - -,- - -
à cause de,- - -,- - -
à cet effet,- - -,- - -
à cette heure,- - -,- - -
à chacun son goût,- - -,- - -
à chaque jour suffit sa peine,- - -,- - -
à cheval,- - -,- - -
à cheval donné, on ne regarde pas la bouche (page does not exist),- - -,- - -
à cheval donné on ne regarde pas la bride (page does not exist),- - -,- - -
à cheval donné, on ne regarde pas la denture (page does not exist),- - -,- - -
à cheval donné on ne regarde pas les dents (page does not exist),- - -,- - -
à cloche-pied,- - -,- - -
a commercial (page does not exist),- - -,- - -
à condition que,- - -,- - -
à contrecœur,- - -,- - -
à contre-courant,- - -,- - -
à contresens (page does not exist),- - -,- - -
à côté,- - -,- - -
à côté de,- - -,- - -
à côté de la plaque (page does not exist),- - -,- - -
à court (page does not exist),- - -,- - -
à court terme,- - -,- - -
à cru (page does not exist),- - -,- - -
à demi-mot,- - -,- - -
à dessein (page does not exist),- - -,- - -
à deux balles,- - -,- - -
à deux doigts,- - -,- - -
à deux pas,- - -,- - -
à Dieu ne plaise,- - -,- - -
à dire vrai (page does not exist),- - -,- - -
à distance (page does not exist),- - -,- - -
à double tranchant,- - -,- - -
à droite,- - -,- - -
à fleur de (page does not exist),- - -,- - -
à fleur de corde (page does not exist),- - -,- - -
à fleur de peau (page does not exist),- - -,- - -
à flot,- - -,- - -
à foison (page does not exist),- - -,- - -
à fond,- - -,- - -
à force (page does not exist),- - -,- - -
à force de,- - -,- - -
à gauche,- - -,- - -
à gogo,- - -,- - -
à grand-peine,- - -,- - -
à grand renfort (page does not exist),- - -,- - -
à haute voix (page does not exist),- - -,- - -
à huis clos,- - -,- - -
à jamais (page does not exist),- - -,- - -
à jour,- - -,- - -
à juste titre,- - -,- - -
à la,- - -,- - -
à la banane (page does not exist),- - -,- - -
à l'abandon,- - -,- - -
à la base (page does not exist),- - -,- - -
à la bonne heure,- - -,- - -
à l'abordage,- - -,- - -
à l'abri (page does not exist),- - -,- - -
à l'abri de (page does not exist),- - -,- - -
à la cantonade,- - -,- - -
à la carte,- - -,- - -
à la clé,- - -,- - -
à la condition que (page does not exist),- - -,- - -
à la coque,- - -,- - -
à la dérive (page does not exist),- - -,- - -
à la dérobée,- - -,- - -
à la descente (page does not exist),- - -,- - -
à la différence de,- - -,- - -
à la fin (page does not exist),- - -,- - -
à la fleur de l’âge (page does not exist),- - -,- - -
à la florentine (page does not exist),- - -,- - -
à la fois,- - -,- - -
à la force du poignet (page does not exist),- - -,- - -
à la gomme (page does not exist),- - -,- - -
à l'agonie (page does not exist),- - -,- - -
à la grecque,- - -,- - -
à la guerre comme à la guerre,- - -,- - -
à la hâte,- - -,- - -
à l'aide,- - -,- - -
à l’aide (page does not exist),- - -,- - -
à l'aise,- - -,- - -
à la lettre (page does not exist),- - -,- - -
à la limite (page does not exist),- - -,- - -
à la louche (page does not exist),- - -,- - -
à la lumière de,- - -,- - -
à la main,- - -,- - -
à la maison,- - -,- - -
à la merci de,- - -,- - -
à la mode,- - -,- - -
à l'ancienne,- - -,- - -
à la noix (page does not exist),- - -,- - -
à la noix de coco (page does not exist),- - -,- - -
à l'antenne (page does not exist),- - -,- - -
à la page,- - -,- - -
à la peau fine (page does not exist),- - -,- - -
à la pige,- - -,- - -
à la place de,- - -,- - -
à la pointe,- - -,- - -
à la portée (page does not exist),- - -,- - -
à la prochaine,- - -,- - -
à la queue leu leu,- - -,- - -
à la radio (page does not exist),- - -,- - -
à la rigueur (page does not exist),- - -,- - -
à l'arrache,- - -,- - -
à la Saint Glinglin (page does not exist),- - -,- - -
à la Saint-Glinglin,- - -,- - -
à la suite,- - -,- - -
à la suite de,- - -,- - -
à la tâche,- - -,- - -
à la tienne,- - -,- - -
à l'attention de (page does not exist),- - -,- - -
à la une,- - -,- - -
à la vanille (page does not exist),- - -,- - -
à l’aveugle (page does not exist),- - -,- - -
à l’aveuglette (page does not exist),- - -,- - -
à la virgule près,- - -,- - -
à la vôtre,- - -,- - -
à l'écart,- - -,- - -
à l'égal de,- - -,- - -
à l'égard de (page does not exist),- - -,- - -
à l'encontre de,- - -,- - -
à l'endroit (page does not exist),- - -,- - -
à l'entour,- - -,- - -
à l'envers (page does not exist),- - -,- - -
à l'envi,- - -,- - -
à l’équerre (page does not exist),- - -,- - -
à l'étranger,- - -,- - -
à l'exception de,- - -,- - -
à l'exclusion de (page does not exist),- - -,- - -
à l'extérieur,- - -,- - -
à l'heure,- - -,- - -
à l'horizon (page does not exist),- - -,- - -
à l'improviste,- - -,- - -
à l'infini,- - -,- - -
à l'instar de,- - -,- - -
à l'insu de,- - -,- - -
à l’insu de,- - -,- - -
à l'intérieur,- - -,- - -
à l'occasion,- - -,- - -
à l'ombre (page does not exist),- - -,- - -
à long terme,- - -,- - -
à longueur de temps (page does not exist),- - -,- - -
à l'oreille,- - -,- - -
à louer,- - -,- - -
à lunettes (page does not exist),- - -,- - -
à méchant ouvrier, point de bon outil (page does not exist),- - -,- - -
à mesure que,- - -,- - -
à mi-chemin,- - -,- - -
à mi-parcours (page does not exist),- - -,- - -
à mi-voix,- - -,- - -
à moins que,- - -,- - -
à mon avis (page does not exist),- - -,- - -
à mort,- - -,- - -
à n décimales près (page does not exist),- - -,- - -
à nouveau,- - -,- - -
A. O.,- - -,- - -
à outrance,- - -,- - -
à Pâques ou à la Trinité (page does not exist),- - -,- - -
à part,- - -,- - -
à part entière (page does not exist),- - -,- - -
à partir de,- - -,- - -
à partir de maintenant (page does not exist),- - -,- - -
à partir de quoi (page does not exist),- - -,- - -
à part que (page does not exist),- - -,- - -
à pas de loup,- - -,- - -
à peine,- - -,- - -
à peu près,- - -,- - -
à pied,- - -,- - -
à pied d'œuvre (page does not exist),- - -,- - -
à plat,- - -,- - -
à plat ventre,- - -,- - -
à plein (page does not exist),- - -,- - -
à plein feux (page does not exist),- - -,- - -
à pleins poumons (page does not exist),- - -,- - -
à plein temps (page does not exist),- - -,- - -
à plus,- - -,- - -
à plusieurs reprises (page does not exist),- - -,- - -
à plus tard,- - -,- - -
à poil,- - -,- - -
à point,- - -,- - -
à portée de main (page does not exist),- - -,- - -
à portée de voix (page does not exist),- - -,- - -
à première vue (page does not exist),- - -,- - -
à présent,- - -,- - -
a priori,- - -,- - -
à propos,- - -,- - -
à propos de,- - -,- - -
à proximité,- - -,- - -
à quatre dimensions (page does not exist),- - -,- - -
à quatre pattes,- - -,- - -
à quelque chose malheur est bon (page does not exist),- - -,- - -
à qui de droit (page does not exist),- - -,- - -
à quoi (page does not exist),- - -,- - -
à quoi penses-tu en ce moment ? (page does not exist),- - -,- - -
à ras de (page does not exist),- - -,- - -
à réaction,- - -,- - -
à rebours,- - -,- - -
à Rome, fais comme les Romains (page does not exist),- - -,- - -
à sa façon (page does not exist),- - -,- - -
à savoir,- - -,- - -
à sec,- - -,- - -
à s'en rendre malade (page does not exist),- - -,- - -
à sensation (page does not exist),- - -,- - -
à soir (page does not exist),- - -,- - -
à suivre (page does not exist),- - -,- - -
à table,- - -,- - -
à ta place (page does not exist),- - -,- - -
à ta santé,- - -,- - -
à tâtons,- - -,- - -
à temps partiel (page does not exist),- - -,- - -
à temps plein (page does not exist),- - -,- - -
à terme,- - -,- - -
à terre (page does not exist),- - -,- - -
à tes amours,- - -,- - -
à tes souhaits,- - -,- - -
à titre indicatif,- - -,- - -
à tort,- - -,- - -
à tort et à travers,- - -,- - -
à tour de bras (page does not exist),- - -,- - -
à tous crins,- - -,- - -
à tout à l'heure,- - -,- - -
à tout bout de champ,- - -,- - -
à tout crin (page does not exist),- - -,- - -
à toute allure,- - -,- - -
à toute épreuve,- - -,- - -
à tout hasard,- - -,- - -
à tout jamais,- - -,- - -
à tout moment,- - -,- - -
à tout prendre (page does not exist),- - -,- - -
à tout prix,- - -,- - -
à tout propos (page does not exist),- - -,- - -
à tout vent (page does not exist),- - -,- - -
à travers,- - -,- - -
à travers champs (page does not exist),- - -,- - -
à tue-tête,- - -,- - -
à une heure (page does not exist),- - -,- - -
à un jet de pierre (page does not exist),- - -,- - -
à vendre,- - -,- - -
à verse (page does not exist),- - -,- - -
à vie,- - -,- - -
à voile et à vapeur,- - -,- - -
à voix basse (page does not exist),- - -,- - -
à voix haute,- - -,- - -
à vol d'oiseau,- - -,- - -
à volonté (page does not exist),- - -,- - -
à vos marques (page does not exist),- - -,- - -
À vos marques, prêts, partez (page does not exist),- - -,- - -
à vos marques, prêts, partez,- - -,- - -
à vos souhaits,- - -,- - -
à votre place (page does not exist),- - -,- - -
à votre santé,- - -,- - -
à vous (page does not exist),- - -,- - -
à vrai dire,- - -,- - -
à vue de nez (page does not exist),- - -,- - -
de A à Z,- - -,- - -
un à partir de plusieurs (page does not exist),- - -,- - -
un à un (page does not exist),- - -,- - -
aa,- - -,- - -
AA,- - -,- - -
aalandais,- - -,- - -
Aalandais,- - -,- - -
Aalénien,- - -,- - -
aalénien,- - -,- - -
aangström (page does not exist),- - -,- - -
Aar,- - -,- - -
Aarau,- - -,- - -
Aaron,- - -,- - -
-able,- - -,- - -
ababouiné,- - -,- - -
abaca,- - -,- - -
abacost,- - -,- - -
abacule,- - -,- - -
abader,- - -,- - -
abaissable,- - -,- - -
abaissant,- - -,- - -
abaisse,- - -,- - -
abaissé,- - -,- - -
abaisse-langue,- - -,- - -
abaissement,- - -,- - -
abaisser,- - -,- - -
abaisseur,- - -,- - -
abajoue,- - -,- - -
abaliénation,- - -,- - -
abalone,- - -,- - -
abandogiciel (page does not exist),- - -,- - -
abandon,- - -,- - -
abandon de poursuites (page does not exist),- - -,- - -
abandon des poursuites (page does not exist),- - -,- - -
abandon scolaire,- - -,- - -
abandonnataire,- - -,- - -
abandonnateur,- - -,- - -
abandonné,- - -,- - -
abandonnement,- - -,- - -
abandonnément,- - -,- - -
abandonner,- - -,- - -
abandonneur,- - -,- - -
abandonnique,- - -,- - -
abaque,- - -,- - -
abarticulaire,- - -,- - -
abasie,- - -,- - -
abasourdi,- - -,- - -
abasourdir,- - -,- - -
abasourdissant,- - -,- - -
abasourdissement,- - -,- - -
abat-faim (page does not exist),- - -,- - -
abat-jour,- - -,- - -
abat-vent,- - -,- - -
abat-voix,- - -,- - -
abâtardi,- - -,- - -
abâtardir,- - -,- - -
abâtardissement,- - -,- - -
abats,- - -,- - -
abattage,- - -,- - -
abattant,- - -,- - -
abattée,- - -,- - -
abattement,- - -,- - -
abatteur,- - -,- - -
abatteuse,- - -,- - -
abattis,- - -,- - -
abattoir,- - -,- - -
abattre,- - -,- - -
abattu,- - -,- - -
abatture,- - -,- - -
abattures,- - -,- - -
abaya,- - -,- - -
abaze (page does not exist),- - -,- - -
Abbas,- - -,- - -
abbasside,- - -,- - -
abbatial,- - -,- - -
abbatiale,- - -,- - -
abbatiat,- - -,- - -
abbaye,- - -,- - -
abbaye de Westminster (page does not exist),- - -,- - -
abbé,- - -,- - -
abbesse,- - -,- - -
Abbeville,- - -,- - -
abbevillien,- - -,- - -
Abbevillien,- - -,- - -
Abbevillois,- - -,- - -
abbevillois,- - -,- - -
abc,- - -,- - -
abcéder,- - -,- - -
abcédographie,- - -,- - -
abcès,- - -,- - -
Abdallah,- - -,- - -
Abdias,- - -,- - -
abdicataire,- - -,- - -
abdication,- - -,- - -
abdiquer,- - -,- - -
abdo,- - -,- - -
abdomen,- - -,- - -
abdominal,- - -,- - -
abdominaux,- - -,- - -
abdos,- - -,- - -
Abdoul,- - -,- - -
Abdoulaye,- - -,- - -
Abdoulla,- - -,- - -
abducteur,- - -,- - -
abductif,- - -,- - -
abduction,- - -,- - -
Abeau,- - -,- - -
abécédaire,- - -,- - -
abécédarien (page does not exist),- - -,- - -
abée,- - -,- - -
abeillaud (page does not exist),- - -,- - -
abeille,- - -,- - -
abeille à miel,- - -,- - -
abeille charpentière,- - -,- - -
abeille des sables (page does not exist),- - -,- - -
abeille maçonne (page does not exist),- - -,- - -
abeille mère,- - -,- - -
abeille ouvrière,- - -,- - -
abeiller,- - -,- - -
Abel,- - -,- - -
Abélard,- - -,- - -
abélia,- - -,- - -
abélien,- - -,- - -
abélienne,- - -,- - -
abéliste (page does not exist),- - -,- - -
abélite,- - -,- - -
abélonien,- - -,- - -
abénaquis,- - -,- - -
Abénaquis,- - -,- - -
aber,- - -,- - -
Aberdeen,- - -,- - -
Aberdonien,- - -,- - -
aberdonien,- - -,- - -
aberrance,- - -,- - -
aberrant,- - -,- - -
aberration,- - -,- - -
aberrer,- - -,- - -
abessif,- - -,- - -
abêtir,- - -,- - -
abêtissant,- - -,- - -
abêtissement,- - -,- - -
abhorrer,- - -,- - -
Abidjan,- - -,- - -
abidjanais,- - -,- - -
Abidjanais,- - -,- - -
abies,- - -,- - -
abiétacée,- - -,- - -
abiétacées,- - -,- - -
abiétin,- - -,- - -
Abigael,- - -,- - -
Abigaël (page does not exist),- - -,- - -
Abigail,- - -,- - -
Abigaïl (page does not exist),- - -,- - -
abigéat,- - -,- - -
abîme,- - -,- - -
abîmer,- - -,- - -
abiogenèse,- - -,- - -
abiotique,- - -,- - -
Abitibi,- - -,- - -
Abitibien,- - -,- - -
abitibien,- - -,- - -
abjad,- - -,- - -
abject,- - -,- - -
abjecte,- - -,- - -
abjectement,- - -,- - -
abjection,- - -,- - -
abjuration,- - -,- - -
abjuratoire,- - -,- - -
abjurer,- - -,- - -
Abkhaze,- - -,- - -
abkhaze,- - -,- - -
Abkhazie,- - -,- - -
Abkhazien,- - -,- - -
abkhazien,- - -,- - -
ablactation,- - -,- - -
ablastine,- - -,- - -
ablater,- - -,- - -
ablatif,- - -,- - -
ablation,- - -,- - -
able,- - -,- - -
ablégat,- - -,- - -
abléphare,- - -,- - -
ablépharie,- - -,- - -
ableret,- - -,- - -
ablette,- - -,- - -
ablier,- - -,- - -
abluer,- - -,- - -
ablution,- - -,- - -
ablutions,- - -,- - -
abnégation,- - -,- - -
Abner,- - -,- - -
aboi,- - -,- - -
aboiement,- - -,- - -
abois,- - -,- - -
aboiteau,- - -,- - -
abolir,- - -,- - -
abolissable,- - -,- - -
abolissement,- - -,- - -
abolitif,- - -,- - -
abolition,- - -,- - -
abolitionnisme,- - -,- - -
abolitionniste,- - -,- - -
aboméen,- - -,- - -
Aboméen,- - -,- - -
Abomey,- - -,- - -
abominable,- - -,- - -
abominable homme des neiges,- - -,- - -
abominablement,- - -,- - -
abomination,- - -,- - -
abominer,- - -,- - -
abondamment,- - -,- - -
abondance,- - -,- - -
abondant,- - -,- - -
abondement,- - -,- - -
abonder,- - -,- - -
abonder dans le sens,- - -,- - -
abonné,- - -,- - -
abonnement,- - -,- - -
abonner,- - -,- - -
abonnir,- - -,- - -
abonnissement,- - -,- - -
abord,- - -,- - -
d'abord et avant tout,- - -,- - -
d’abord et avant tout,- - -,- - -
d'abord que,- - -,- - -
abordable,- - -,- - -
abordage,- - -,- - -
d'abord,- - -,- - -
aborder,- - -,- - -
aborder un sujet (page does not exist),- - -,- - -
abordeur,- - -,- - -
abords,- - -,- - -
Aborigène,- - -,- - -
aborigène,- - -,- - -
abornement,- - -,- - -
aborner,- - -,- - -
abortif,- - -,- - -
abot,- - -,- - -
aboteau,- - -,- - -
Abou Dabi,- - -,- - -
Abou Simbel,- - -,- - -
abouchement,- - -,- - -
aboucher,- - -,- - -
Aboukir,- - -,- - -
abouler,- - -,- - -
aboulie,- - -,- - -
aboulique,- - -,- - -
about,- - -,- - -
aboutage (page does not exist),- - -,- - -
aboutement,- - -,- - -
abouter,- - -,- - -
aboutir,- - -,- - -
aboutissement,- - -,- - -
aboyer,- - -,- - -
aboyeur,- - -,- - -
abracadabra,- - -,- - -
abracadabrant,- - -,- - -
Abraham,- - -,- - -
abrahamique,- - -,- - -
abraser,- - -,- - -
abrasif,- - -,- - -
abrasimètre,- - -,- - -
abrasin,- - -,- - -
abrasion,- - -,- - -
abraxas,- - -,- - -
abréactif,- - -,- - -
abréaction,- - -,- - -
abréagir,- - -,- - -
abrégé,- - -,- - -
abrégée,- - -,- - -
abrégement,- - -,- - -
abrégément,- - -,- - -
abréger,- - -,- - -
abreuvement,- - -,- - -
abreuver,- - -,- - -
abreuvoir,- - -,- - -
abreuvoir à mouches (page does not exist),- - -,- - -
abréviatif,- - -,- - -
abréviation,- - -,- - -
abréviativement,- - -,- - -
abrévier,- - -,- - -
abri,- - -,- - -
abri anti-aérien,- - -,- - -
abri anti-atomique,- - -,- - -
abri antiatomique (page does not exist),- - -,- - -
abri fiscal,- - -,- - -
abri sous roche,- - -,- - -
abribus,- - -,- - -
abricot,- - -,- - -
abricoté,- - -,- - -
abricoter,- - -,- - -
abricotier,- - -,- - -
abricotine,- - -,- - -
abrier,- - -,- - -
abrine,- - -,- - -
abriter,- - -,- - -
abrivent,- - -,- - -
abrogatif,- - -,- - -
abrogation,- - -,- - -
abrogeable,- - -,- - -
abroger,- - -,- - -
abroutir,- - -,- - -
abrupt,- - -,- - -
abruptement,- - -,- - -
abruti,- - -,- - -
abrutir,- - -,- - -
abrutissant,- - -,- - -
abrutissement,- - -,- - -
abruzzais,- - -,- - -
Abruzzais,- - -,- - -
Abruzzes,- - -,- - -
ABS,- - -,- - -
Absalom,- - -,- - -
Absalon,- - -,- - -
absalonnien,- - -,- - -
abscisse,- - -,- - -
abscission,- - -,- - -
abscondre,- - -,- - -
abscons,- - -,- - -
absence,- - -,- - -
absent,- - -,- - -
absent le chat, les souris dansent,- - -,- - -
absentéisme,- - -,- - -
absentéiste,- - -,- - -
absenter,- - -,- - -
absidal,- - -,- - -
abside,- - -,- - -
absinthe,- - -,- - -
absolu,- - -,- - -
absolument,- - -,- - -
absolutif (page does not exist),- - -,- - -
absolution,- - -,- - -
absolutisme,- - -,- - -
absolutiste,- - -,- - -
absolutoire,- - -,- - -
absorbable,- - -,- - -
absorbance,- - -,- - -
absorbant,- - -,- - -
absorber,- - -,- - -
absorption,- - -,- - -
absorptivité,- - -,- - -
absoudre,- - -,- - -
absoute,- - -,- - -
abstème,- - -,- - -
abstenir,- - -,- - -
abstention,- - -,- - -
abstentionnisme,- - -,- - -
abstentionniste,- - -,- - -
abstergent,- - -,- - -
abstersif,- - -,- - -
abstinence,- - -,- - -
abstinent,- - -,- - -
abstract,- - -,- - -
abstraction,- - -,- - -
abstractionnisme,- - -,- - -
abstractionniste,- - -,- - -
abstractivement,- - -,- - -
abstraire,- - -,- - -
abstrait,- - -,- - -
abstraitement,- - -,- - -
abstrus,- - -,- - -
abstruse,- - -,- - -
absurde,- - -,- - -
absurdement,- - -,- - -
absurdité,- - -,- - -
abus,- - -,- - -
abus de confiance (page does not exist),- - -,- - -
abus sexuel,- - -,- - -
abuser,- - -,- - -
abuseur,- - -,- - -
abusif,- - -,- - -
abusivement,- - -,- - -
abyssal,- - -,- - -
abysse,- - -,- - -
abyssin,- - -,- - -
Abyssinie,- - -,- - -
abyssinien,- - -,- - -
abyssopélagique,- - -,- - -
d'un abord (page does not exist),- - -,- - -
-acé,- - -,- - -
-acée,- - -,- - -
-acées,- - -,- - -
à-côté,- - -,- - -
à-coup,- - -,- - -
à-coups,- - -,- - -
acabit,- - -,- - -
acacia,- - -,- - -
académicien,- - -,- - -
académie,- - -,- - -
académique,- - -,- - -
académiquement,- - -,- - -
académiser,- - -,- - -
académisme,- - -,- - -
académiste,- - -,- - -
Acadie,- - -,- - -
Acadien,- - -,- - -
acadien,- - -,- - -
Acadienne,- - -,- - -
açaï,- - -,- - -
acajou,- - -,- - -
acanthe,- - -,- - -
acanthure (page does not exist),- - -,- - -
acariâtre,- - -,- - -
acarien,- - -,- - -
Acarnanien (page does not exist),- - -,- - -
Acarnanienne (page does not exist),- - -,- - -
acatalectique,- - -,- - -
accablant,- - -,- - -
accablement,- - -,- - -
accabler,- - -,- - -
accadien (page does not exist),- - -,- - -
accalmie,- - -,- - -
accalmir,- - -,- - -
accaparer,- - -,- - -
accapareur,- - -,- - -
accéder,- - -,- - -
accélérateur,- - -,- - -
accélérateur de particules (page does not exist),- - -,- - -
accélération,- - -,- - -
accéléré,- - -,- - -
accélérer,- - -,- - -
accent,- - -,- - -
accent aigu,- - -,- - -
accent circonflexe,- - -,- - -
accent grave,- - -,- - -
accent hirondelle (page does not exist),- - -,- - -
accenteur (page does not exist),- - -,- - -
accentuation,- - -,- - -
accentué,- - -,- - -
accentuer,- - -,- - -
acceptabilité,- - -,- - -
acceptable,- - -,- - -
accepter,- - -,- - -
accepteur,- - -,- - -
acceptez-vous dollars américains (page does not exist),- - -,- - -
acceptez-vous les cartes de crédit (page does not exist),- - -,- - -
acception,- - -,- - -
accès,- - -,- - -
accès multiple à répartition dans le temps (page does not exist),- - -,- - -
accès multiple par répartition dans les fréquences (page does not exist),- - -,- - -
accessibilité,- - -,- - -
accessible,- - -,- - -
accession,- - -,- - -
accessit,- - -,- - -
accessoire,- - -,- - -
accessoirement,- - -,- - -
accessoirisé,- - -,- - -
accessoiriser,- - -,- - -
accessoiriste,- - -,- - -
accident,- - -,- - -
accident vasculaire cérébral,- - -,- - -
accidenté,- - -,- - -
accidentée,- - -,- - -
accidentel,- - -,- - -
accidentellement,- - -,- - -
accidenter,- - -,- - -
accise,- - -,- - -
accisien (page does not exist),- - -,- - -
acclamation,- - -,- - -
acclamer,- - -,- - -
acclimatation,- - -,- - -
acclimater,- - -,- - -
accointance,- - -,- - -
accolade,- - -,- - -
accolades,- - -,- - -
accoler,- - -,- - -
accolure (page does not exist),- - -,- - -
accommodant,- - -,- - -
accommodation,- - -,- - -
accommodement,- - -,- - -
accommoder,- - -,- - -
accompagnateur,- - -,- - -
accompagnatrice,- - -,- - -
accompagnement,- - -,- - -
accompagnement au changement (page does not exist),- - -,- - -
accompagner,- - -,- - -
accompli,- - -,- - -
accomplie,- - -,- - -
accomplir,- - -,- - -
accomplissement,- - -,- - -
accord,- - -,- - -
accord de principe (page does not exist),- - -,- - -
accordage (page does not exist),- - -,- - -
accordailles,- - -,- - -
accordance,- - -,- - -
d'accord,- - -,- - -
accordé,- - -,- - -
accordéon,- - -,- - -
accordéoniste,- - -,- - -
accorder,- - -,- - -
accorder de manière clémente (page does not exist),- - -,- - -
accorder un délai de paiement (page does not exist),- - -,- - -
accordeur,- - -,- - -
accortement,- - -,- - -
accostage,- - -,- - -
accoster,- - -,- - -
accotement,- - -,- - -
accotement non stabilisé,- - -,- - -
accotement stabilisé,- - -,- - -
accoter,- - -,- - -
accotoir,- - -,- - -
accouchement,- - -,- - -
accoucher,- - -,- - -
accoucheur,- - -,- - -
accoucheuse,- - -,- - -
accouder,- - -,- - -
accoudoir,- - -,- - -
accouplement,- - -,- - -
accoupler,- - -,- - -
accourcir,- - -,- - -
accourcissement,- - -,- - -
accourir,- - -,- - -
accoutrement,- - -,- - -
accoutrer,- - -,- - -
accoutumance,- - -,- - -
accoutumé,- - -,- - -
accoutumer,- - -,- - -
Accra,- - -,- - -
accréditation,- - -,- - -
accréditer,- - -,- - -
accrétion,- - -,- - -
accro,- - -,- - -
accroc,- - -,- - -
accrochage,- - -,- - -
accrochant,- - -,- - -
accroché,- - -,- - -
accroche-cœur (page does not exist),- - -,- - -
accroche-plat (page does not exist),- - -,- - -
accrochement (page does not exist),- - -,- - -
accrocher,- - -,- - -
accrocheur,- - -,- - -
accroire,- - -,- - -
accroissement,- - -,- - -
accroître,- - -,- - -
accroupir,- - -,- - -
accu,- - -,- - -
accueil,- - -,- - -
accueillir,- - -,- - -
accul (page does not exist),- - -,- - -
acculement (page does not exist),- - -,- - -
acculer,- - -,- - -
acculturer,- - -,- - -
accumulateur,- - -,- - -
accumuler,- - -,- - -
accusateur,- - -,- - -
accusateuse (page does not exist),- - -,- - -
accusatif,- - -,- - -
accusation,- - -,- - -
accusé,- - -,- - -
accuser,- - -,- - -
accuser réception (page does not exist),- - -,- - -
ace,- - -,- - -
acédie,- - -,- - -
acéphale,- - -,- - -
acerbe,- - -,- - -
acerbité,- - -,- - -
acéré,- - -,- - -
acère,- - -,- - -
acérola,- - -,- - -
acérure (page does not exist),- - -,- - -
acescence,- - -,- - -
acescent,- - -,- - -
acétal,- - -,- - -
acétaldéhyde,- - -,- - -
acétate,- - -,- - -
acétifier,- - -,- - -
acétimètre,- - -,- - -
acétique,- - -,- - -
acétomètre,- - -,- - -
acétone,- - -,- - -
acétose (page does not exist),- - -,- - -
acétylation,- - -,- - -
acétylcholine,- - -,- - -
acétylène,- - -,- - -
acétylure,- - -,- - -
Achab,- - -,- - -
Achaïe,- - -,- - -
achalandé,- - -,- - -
achalant,- - -,- - -
achalanterie (page does not exist),- - -,- - -
achalement (page does not exist),- - -,- - -
achaler,- - -,- - -
achard,- - -,- - -
acharné,- - -,- - -
acharnement,- - -,- - -
acharnement thérapeutique,- - -,- - -
acharner,- - -,- - -
achat,- - -,- - -
achats,- - -,- - -
ache,- - -,- - -
âche (page does not exist),- - -,- - -
acheminement,- - -,- - -
acheminer,- - -,- - -
achetable,- - -,- - -
acheter,- - -,- - -
acheter chat en poche,- - -,- - -
acheteur,- - -,- - -
acheuléen,- - -,- - -
achevé,- - -,- - -
achevé d’imprimer,- - -,- - -
achèvement,- - -,- - -
achever,- - -,- - -
Achgabat (page does not exist),- - -,- - -
Achille,- - -,- - -
achillée,- - -,- - -
achondroplasie,- - -,- - -
achondroplasique,- - -,- - -
achoppement,- - -,- - -
achopper,- - -,- - -
Achoura,- - -,- - -
achromaticité,- - -,- - -
achromatisme,- - -,- - -
acide,- - -,- - -
acide abiétique,- - -,- - -
acide acétique,- - -,- - -
acide acétylacétique (page does not exist),- - -,- - -
acide acétylsalicylique,- - -,- - -
acide aminé,- - -,- - -
acide arachidonique (page does not exist),- - -,- - -
acide arsénique (page does not exist),- - -,- - -
acide ascorbique (page does not exist),- - -,- - -
acide aspartique (page does not exist),- - -,- - -
acide benzoïque,- - -,- - -
acide borique (page does not exist),- - -,- - -
acide bromhydrique,- - -,- - -
acide butyrique (page does not exist),- - -,- - -
acide carbonique (page does not exist),- - -,- - -
acide carboxylique,- - -,- - -
acide chlorhydrique,- - -,- - -
acide chlorique (page does not exist),- - -,- - -
acide citrique,- - -,- - -
acide cyanhydrique (page does not exist),- - -,- - -
acide désoxyribonucléique,- - -,- - -
acide fluorhydrique,- - -,- - -
acide folique,- - -,- - -
acide gallique,- - -,- - -
acide gluconique (page does not exist),- - -,- - -
acide glutamique (page does not exist),- - -,- - -
acide iodhydrique,- - -,- - -
acide lactique (page does not exist),- - -,- - -
acide muriatique,- - -,- - -
acide nitrique,- - -,- - -
acide nucléique,- - -,- - -
acide oléique (page does not exist),- - -,- - -
acide oxalique (page does not exist),- - -,- - -
acide palmique (page does not exist),- - -,- - -
acide phosphoreux (page does not exist),- - -,- - -
acide phosphorique (page does not exist),- - -,- - -
acide picrique,- - -,- - -
acide prussique (page does not exist),- - -,- - -
acide purpurique,- - -,- - -
acide ribonucléique,- - -,- - -
acide salicylique (page does not exist),- - -,- - -
acide sulfureux (page does not exist),- - -,- - -
acide sulfurique,- - -,- - -
acide tartrique,- - -,- - -
acide tungstique (page does not exist),- - -,- - -
acide urique,- - -,- - -
acide valérique (page does not exist),- - -,- - -
acidifiable,- - -,- - -
acidification,- - -,- - -
acidifier,- - -,- - -
acidimétrie,- - -,- - -
acidité,- - -,- - -
acidose,- - -,- - -
acidulé,- - -,- - -
acidulée,- - -,- - -
aciduler,- - -,- - -
acier,- - -,- - -
acier inoxydable,- - -,- - -
aciérer,- - -,- - -
aciérie,- - -,- - -
acinaciforme,- - -,- - -
acinétique,- - -,- - -
acinoforme (page does not exist),- - -,- - -
ACL,- - -,- - -
aclinique,- - -,- - -
acné,- - -,- - -
acnéique,- - -,- - -
acolyte,- - -,- - -
acompte,- - -,- - -
aconier,- - -,- - -
aconit,- - -,- - -
aconitine,- - -,- - -
acoquiner,- - -,- - -
acore odorant,- - -,- - -
açoréen,- - -,- - -
Açoréen,- - -,- - -
Açores,- - -,- - -
açorien,- - -,- - -
Açorien,- - -,- - -
acotylédone,- - -,- - -
acouphène,- - -,- - -
açoura (page does not exist),- - -,- - -
acousmatique,- - -,- - -
acoustique,- - -,- - -
acquéreur,- - -,- - -
acquérir,- - -,- - -
acquiescement,- - -,- - -
acquiescer,- - -,- - -
acquis,- - -,- - -
acquisitif,- - -,- - -
acquisition,- - -,- - -
acquitté,- - -,- - -
acquittement,- - -,- - -
acquitter,- - -,- - -
acratopège,- - -,- - -
acre,- - -,- - -
âcre,- - -,- - -
acréage (page does not exist),- - -,- - -
âcrement,- - -,- - -
âcreté,- - -,- - -
acrimonie,- - -,- - -
acrimonieusement,- - -,- - -
acrimonieux,- - -,- - -
acrobate,- - -,- - -
acrobatie,- - -,- - -
acrobatie aérienne (page does not exist),- - -,- - -
acrobaties aériennes (page does not exist),- - -,- - -
acrobatique,- - -,- - -
acrobatiquement,- - -,- - -
acrocyanose,- - -,- - -
acromégalie,- - -,- - -
acromégalique,- - -,- - -
acronyme,- - -,- - -
acronyme récursif (page does not exist),- - -,- - -
acrophobie,- - -,- - -
acrophonie,- - -,- - -
acropole,- - -,- - -
acrostiche,- - -,- - -
acrylamide,- - -,- - -
acrylique,- - -,- - -
actant,- - -,- - -
acte,- - -,- - -
acte de bravoure (page does not exist),- - -,- - -
acte de décès (page does not exist),- - -,- - -
acte de foi (page does not exist),- - -,- - -
acte de naissance,- - -,- - -
acte de propriété (page does not exist),- - -,- - -
acte notarié (page does not exist),- - -,- - -
Actes des Apôtres (page does not exist),- - -,- - -
acteur,- - -,- - -
acteur X (page does not exist),- - -,- - -
actif,- - -,- - -
actif sous-jacent (page does not exist),- - -,- - -
actinium,- - -,- - -
actinométrique,- - -,- - -
actinomorphe,- - -,- - -
actinomycine,- - -,- - -
actinoscopie,- - -,- - -
actinothérapie,- - -,- - -
action,- - -,- - -
action collective (page does not exist),- - -,- - -
Action de grâce (page does not exist),- - -,- - -
Action de grâces (page does not exist),- - -,- - -
Action démocratique,- - -,- - -
Action démocratique du Québec,- - -,- - -
action en justice (page does not exist),- - -,- - -
action légale (page does not exist),- - -,- - -
action ou verité (page does not exist),- - -,- - -
actionnaire,- - -,- - -
actionnariat,- - -,- - -
actionner,- - -,- - -
activation,- - -,- - -
activement,- - -,- - -
activer,- - -,- - -
activiste,- - -,- - -
activité,- - -,- - -
actrice,- - -,- - -
actrice X (page does not exist),- - -,- - -
actu,- - -,- - -
actuaire,- - -,- - -
actualisation,- - -,- - -
actualiser,- - -,- - -
actualité,- - -,- - -
actualités,- - -,- - -
actuariel,- - -,- - -
actuel,- - -,- - -
actuellement,- - -,- - -
actus,- - -,- - -
acuité,- - -,- - -
aculéate,- - -,- - -
acuponcteur,- - -,- - -
acupuncture,- - -,- - -
acutangle,- - -,- - -
acyclique,- - -,- - -
acylglycérol,- - -,- - -
ad hoc,- - -,- - -
ad nauseam,- - -,- - -
adage,- - -,- - -
adagio,- - -,- - -
Adam,- - -,- - -
Adam et Ève (page does not exist),- - -,- - -
adamantinome (page does not exist),- - -,- - -
Adanet,- - -,- - -
adaptabilité,- - -,- - -
adaptable,- - -,- - -
adaptateur,- - -,- - -
adaptateur graphique (page does not exist),- - -,- - -
adaptatif,- - -,- - -
adaptation,- - -,- - -
adapter,- - -,- - -
addiciel (page does not exist),- - -,- - -
addict,- - -,- - -
addictif,- - -,- - -
addictologie,- - -,- - -
addictologue,- - -,- - -
Addis-Ababa (page does not exist),- - -,- - -
Addis-Abeba,- - -,- - -
additif,- - -,- - -
additif alimentaire (page does not exist),- - -,- - -
addition,- - -,- - -
l'addition, s'il vous plaît (page does not exist),- - -,- - -
additionnel,- - -,- - -
additionner,- - -,- - -
Adélaïde,- - -,- - -
Adèle,- - -,- - -
Adélie,- - -,- - -
Adeline,- - -,- - -
Aden,- - -,- - -
adénine,- - -,- - -
adénome,- - -,- - -
adénomyose (page does not exist),- - -,- - -
Adénosine triphosphate (page does not exist),- - -,- - -
Adenot,- - -,- - -
adepte,- - -,- - -
adéquat,- - -,- - -
adéquatement,- - -,- - -
adéquation,- - -,- - -
adéquiste,- - -,- - -
adessif,- - -,- - -
adhan,- - -,- - -
Adhémar (page does not exist),- - -,- - -
adhérence,- - -,- - -
adhérent,- - -,- - -
adhérer,- - -,- - -
adhésif,- - -,- - -
adhésion,- - -,- - -
adhésivement,- - -,- - -
adiaphane,- - -,- - -
adieu,- - -,- - -
adieu, monde cruel (page does not exist),- - -,- - -
adieux,- - -,- - -
Adige,- - -,- - -
adipeux,- - -,- - -
adiposité,- - -,- - -
adja,- - -,- - -
adjacent,- - -,- - -
adjectif,- - -,- - -
adjectif possessif,- - -,- - -
adjectif verbal (page does not exist),- - -,- - -
adjectival,- - -,- - -
adjectivement,- - -,- - -
adjoindre,- - -,- - -
adjoint,- - -,- - -
adjointe,- - -,- - -
adjonction,- - -,- - -
adjudant,- - -,- - -
adjudant-chef,- - -,- - -
adjudicataire,- - -,- - -
adjudicateur,- - -,- - -
adjuger,- - -,- - -
adjurer,- - -,- - -
adjutant,- - -,- - -
ADM,- - -,- - -
admettre,- - -,- - -
administrateur,- - -,- - -
administrateur de bases de données,- - -,- - -
administrateur systèmes (page does not exist),- - -,- - -
administratif,- - -,- - -
administration,- - -,- - -
administration-séquestre (page does not exist),- - -,- - -
administrativement,- - -,- - -
administré,- - -,- - -
administrer,- - -,- - -
admirablement,- - -,- - -
admiral,- - -,- - -
admirateur,- - -,- - -
admiratif,- - -,- - -
admiration,- - -,- - -
admirativement,- - -,- - -
admiratrice,- - -,- - -
admirer,- - -,- - -
admissibilité,- - -,- - -
admissible,- - -,- - -
admission,- - -,- - -
admit,- - -,- - -
admît,- - -,- - -
admonestation,- - -,- - -
admonester,- - -,- - -
admonition,- - -,- - -
ADN,- - -,- - -
adné,- - -,- - -
ado,- - -,- - -
adobe,- - -,- - -
adolescence,- - -,- - -
adolescent,- - -,- - -
adolescente,- - -,- - -
Adolphe,- - -,- - -
adonc,- - -,- - -
adonide,- - -,- - -
adonner,- - -,- - -
adoptant,- - -,- - -
adopté,- - -,- - -
adoptée,- - -,- - -
adopter,- - -,- - -
adoptif,- - -,- - -
adoption,- - -,- - -
adorable,- - -,- - -
adorablement,- - -,- - -
adorateur,- - -,- - -
adoration,- - -,- - -
adoré,- - -,- - -
adorée,- - -,- - -
adorer,- - -,- - -
adosser,- - -,- - -
adouber,- - -,- - -
adoucir,- - -,- - -
adoucissement,- - -,- - -
adoucisseur,- - -,- - -
adoucisseur d’eau (page does not exist),- - -,- - -
adposition,- - -,- - -
ADQ,- - -,- - -
ADQiste (page does not exist),- - -,- - -
adrénaline,- - -,- - -
adressage,- - -,- - -
adresse,- - -,- - -
adresse de courrier électronique (page does not exist),- - -,- - -
adresse IP (page does not exist),- - -,- - -
adresser,- - -,- - -
adret,- - -,- - -
Adrien,- - -,- - -
Adrienne,- - -,- - -
adroit,- - -,- - -
adroitement,- - -,- - -
adualiste,- - -,- - -
adulateur,- - -,- - -
adulation,- - -,- - -
adulatrice,- - -,- - -
aduler,- - -,- - -
adulescent,- - -,- - -
adulte,- - -,- - -
adultère,- - -,- - -
adultérer,- - -,- - -
adultérin,- - -,- - -
adustion,- - -,- - -
advenir,- - -,- - -
adventice,- - -,- - -
adventiste,- - -,- - -
adverbe,- - -,- - -
adverbial,- - -,- - -
adverbialement,- - -,- - -
adversaire,- - -,- - -
adversativement,- - -,- - -
adverse,- - -,- - -
adversité,- - -,- - -
advienne que pourra,- - -,- - -
Adyguée (page does not exist),- - -,- - -
AEC,- - -,- - -
aèc (page does not exist),- - -,- - -
AÈC (page does not exist),- - -,- - -
aérateur,- - -,- - -
aération,- - -,- - -
aéré,- - -,- - -
aérer,- - -,- - -
aérien,- - -,- - -
aéro-,- - -,- - -
aérobic,- - -,- - -
aérobie,- - -,- - -
aérobiologie,- - -,- - -
aéroclub,- - -,- - -
aérodrome,- - -,- - -
aérodynamique,- - -,- - -
aérodyne,- - -,- - -
aérogare,- - -,- - -
aéroglisseur,- - -,- - -
aérogramme,- - -,- - -
aérolite,- - -,- - -
aérolithe,- - -,- - -
aérolithique (page does not exist),- - -,- - -
aérologie,- - -,- - -
aéromancie,- - -,- - -
aéromancien,- - -,- - -
aéromodélisme,- - -,- - -
aéronaute,- - -,- - -
aeronautique (page does not exist),- - -,- - -
aéronautique,- - -,- - -
aéronef,- - -,- - -
aéronef à effet de sol (page does not exist),- - -,- - -
aérophagie,- - -,- - -
aéroplane,- - -,- - -
aéroport,- - -,- - -
aéroporté,- - -,- - -
aéroportuaire,- - -,- - -
aéropostal,- - -,- - -
aérosol,- - -,- - -
aérospatial,- - -,- - -
aérostat,- - -,- - -
aérotrain,- - -,- - -
Afar,- - -,- - -
afar,- - -,- - -
affabilité,- - -,- - -
affable,- - -,- - -
affablement,- - -,- - -
affabulateur,- - -,- - -
affabulation,- - -,- - -
affabuler,- - -,- - -
affacturage,- - -,- - -
affadir,- - -,- - -
affadissant,- - -,- - -
affadissement,- - -,- - -
affaibli,- - -,- - -
affaiblir,- - -,- - -
affaiblissement,- - -,- - -
affaire,- - -,- - -
affairé,- - -,- - -
affaire de cœur,- - -,- - -
affairement,- - -,- - -
affairer,- - -,- - -
affaires,- - -,- - -
affaires étrangères,- - -,- - -
affairisme,- - -,- - -
affairiste,- - -,- - -
affaissement,- - -,- - -
affaisser,- - -,- - -
affalé,- - -,- - -
affaler,- - -,- - -
affamé,- - -,- - -
affamer,- - -,- - -
affanure (page does not exist),- - -,- - -
affectation,- - -,- - -
affecté,- - -,- - -
affecter,- - -,- - -
affectif,- - -,- - -
affection,- - -,- - -
affectionnément,- - -,- - -
affectionner,- - -,- - -
affections sanguines (page does not exist),- - -,- - -
affectivement,- - -,- - -
affectueusement,- - -,- - -
affectueux,- - -,- - -
afférent,- - -,- - -
affermer,- - -,- - -
affermir,- - -,- - -
affetto,- - -,- - -
affettuoso,- - -,- - -
affichage,- - -,- - -
affichage à cristaux liquides (page does not exist),- - -,- - -
affiche,- - -,- - -
afficher,- - -,- - -
affichette,- - -,- - -
afficheur à cristaux liquides,- - -,- - -
affidavit,- - -,- - -
affilé,- - -,- - -
d'affilée,- - -,- - -
affiler,- - -,- - -
affilier,- - -,- - -
affiner,- - -,- - -
affineur,- - -,- - -
affinité,- - -,- - -
affirmatif,- - -,- - -
affirmation,- - -,- - -
affirmativement,- - -,- - -
affirmer,- - -,- - -
affixe,- - -,- - -
affixer,- - -,- - -
affixoïde (page does not exist),- - -,- - -
affleurement,- - -,- - -
affleurer,- - -,- - -
affliction,- - -,- - -
affliger,- - -,- - -
affluence,- - -,- - -
affluent,- - -,- - -
afflux,- - -,- - -
afflux sanguin (page does not exist),- - -,- - -
affolant,- - -,- - -
affolé,- - -,- - -
affolement,- - -,- - -
affoler,- - -,- - -
affranchir,- - -,- - -
affranchissement,- - -,- - -
affres,- - -,- - -
affres de la mort (page does not exist),- - -,- - -
affrètement,- - -,- - -
affréter,- - -,- - -
affretter (page does not exist),- - -,- - -
affreuse,- - -,- - -
affreusement,- - -,- - -
affreux,- - -,- - -
affriolant,- - -,- - -
affront,- - -,- - -
affrontable,- - -,- - -
affrontement,- - -,- - -
affronter,- - -,- - -
affublement,- - -,- - -
affubler,- - -,- - -
affût,- - -,- - -
affûter,- - -,- - -
affûteuse,- - -,- - -
Afghan,- - -,- - -
afghan,- - -,- - -
Afghanistan,- - -,- - -
afin,- - -,- - -
afin de,- - -,- - -
afin que,- - -,- - -
africain,- - -,- - -
Africain,- - -,- - -
africain-américain (page does not exist),- - -,- - -
africaine,- - -,- - -
Africaine,- - -,- - -
africanisme,- - -,- - -
afrikaans,- - -,- - -
Afrikaans,- - -,- - -
Afrikaner,- - -,- - -
Afrique,- - -,- - -
Afrique du Nord (page does not exist),- - -,- - -
Afrique du Sud,- - -,- - -
Afrique Équatoriale Française (page does not exist),- - -,- - -
Afrique noire,- - -,- - -
afro-américain,- - -,- - -
Afro-Américain (page does not exist),- - -,- - -
Afro-Américaine (page does not exist),- - -,- - -
Afro-Eurasie,- - -,- - -
afroaméricain (page does not exist),- - -,- - -
afront,- - -,- - -
afrophobie (page does not exist),- - -,- - -
after-dinner,- - -,- - -
-age,- - -,- - -
-agogue,- - -,- - -
aga,- - -,- - -
agaçant,- - -,- - -
agace,- - -,- - -
agacement,- - -,- - -
agacer,- - -,- - -
agalmatophilie (page does not exist),- - -,- - -
agate,- - -,- - -
Agathe,- - -,- - -
age,- - -,- - -
âge,- - -,- - -
âgé,- - -,- - -
âge adulte,- - -,- - -
âge de pierre (page does not exist),- - -,- - -
âge du bronze,- - -,- - -
âge du fer,- - -,- - -
d'âge moyen (page does not exist),- - -,- - -
d'âge mûr (page does not exist),- - -,- - -
Agée (page does not exist),- - -,- - -
agence,- - -,- - -
agence de mariage (page does not exist),- - -,- - -
agence de nouvelles (page does not exist),- - -,- - -
agence de rencontres,- - -,- - -
agence pour l'emplo (page does not exist),- - -,- - -
agencement,- - -,- - -
agencer,- - -,- - -
agenda,- - -,- - -
agenouillé,- - -,- - -
agenouiller,- - -,- - -
agent,- - -,- - -
agent blanchissant (page does not exist),- - -,- - -
agent contractuel (page does not exist),- - -,- - -
agent d'entiercement (page does not exist),- - -,- - -
agent de sécurité (page does not exist),- - -,- - -
agent double (page does not exist),- - -,- - -
agent immobilier (page does not exist),- - -,- - -
agent provocateur,- - -,- - -
agent publicitaire (page does not exist),- - -,- - -
agent secret (page does not exist),- - -,- - -
agente provocatrice,- - -,- - -
agglo,- - -,- - -
agglomérat,- - -,- - -
agglomération,- - -,- - -
aggloméré,- - -,- - -
agglomérer,- - -,- - -
agglutinant,- - -,- - -
aggravant,- - -,- - -
aggraver,- - -,- - -
aggregation,- - -,- - -
aggression,- - -,- - -
agha,- - -,- - -
aghori,- - -,- - -
agile,- - -,- - -
agilement,- - -,- - -
agilité,- - -,- - -
agio,- - -,- - -
agioteur,- - -,- - -
agir,- - -,- - -
agissement,- - -,- - -
agitateur,- - -,- - -
agitation,- - -,- - -
agité,- - -,- - -
agiter,- - -,- - -
agitprop,- - -,- - -
aglycone,- - -,- - -
agnat,- - -,- - -
agnathe,- - -,- - -
agnathie (page does not exist),- - -,- - -
agneau,- - -,- - -
Agneau de Dieu (page does not exist),- - -,- - -
agneau de Pâques (page does not exist),- - -,- - -
Agneau Mystique (page does not exist),- - -,- - -
agneau pascal (page does not exist),- - -,- - -
Agneau Pascal (page does not exist),- - -,- - -
agneler,- - -,- - -
agnelet,- - -,- - -
agnelle,- - -,- - -
Agnès,- - -,- - -
agnosie,- - -,- - -
